CUSTOMER_ID;CUST_FIRST_NAME;CUST_LAST_NAME;STREET_ADDRESS;POSTAL_CODE;CITY;STATE_PROVINCE;COUNTRY_ID;COUNTRY_NAME;REGION_ID;NLS_LANGUAGE;NLS_TERRITORY;CREDIT_LIMIT;CUST_EMAIL;PRIMARY_PHONE_NUMBER;PHONE_NUMBER_2;ACCOUNT_MGR_ID;LOCATION_GTYPE;LOCATION_SRID;LOCATION_X;LOCATION_Y
145;ABDUL AZZAM;AJHARI;2120 Heights Dr;54701;Eau Claire;WI;US;United States of America;2;us;AMERICA;500;Mammutti.Pacino@GREBE.EXAMPLE.COM;+1 745 123 4306;;145;2001;8307;-9.151.556;44.795.509
146;LINDA;WILLIAMS;14 Robbinsville Ct;53217;Milwaukee;WI;US;United States of America;2;us;AMERICA;500;Elia.Fawcett@JACANA.EXAMPLE.COM;+1 414 123 4307;;145;2001;8307;-8.791.422;43.180.714
147;BARBARA;JONES;6555 W Good Hope Rd;53223;Milwaukee;WI;US;United States of America;2;us;AMERICA;600;Ishwarya.Roberts@LAPWING.EXAMPLE.COM;+1 414 123 4308;;145;2001;8307;-8.799.294;43.148.558
148;ELIZABETH;BROWN;1314 N Stoughton Rd;53714;Madison;WI;US;United States of America;2;us;AMERICA;600;Gustav.Steenburgen@PINTAIL.EXAMPLE.COM;+1 608 123 4309;;145;2001;8307;-8.932.103;4.311.362
149;JENNIFER;DAVIS;4715 Sprecher Rd;53704;Madison;WI;US;United States of America;2;us;AMERICA;600;Markus.Rampling@PUFFIN.EXAMPLE.COM;+1 608 123 4318;;145;2001;8307;-8.931.665;43.130.717
150;MARIA;MILLER;6161 N 64Th St;53218;Milwaukee;WI;US;United States of America;2;us;AMERICA;700;Goldie.Slater@PYRRHULOXIA.EXAMPLE.COM;+1 414 123 4323;;145;2001;8307;-8.799.083;43.130.205
151;SUSAN;WILSON;11016 W Lincoln Ave;53227;Milwaukee;WI;US;United States of America;2;us;AMERICA;700;Divine.Aykroyd@REDSTART.EXAMPLE.COM;+1 414 123 4324;;145;2001;8307;-88.049.291;4.300.271
152;MARGARET;MOORE;8600 W National Ave;53227;Milwaukee;WI;US;United States of America;2;us;AMERICA;700;Dieter.Matthau@VERDIN.EXAMPLE.COM;+1 414 123 4328;;145;2001;8307;0;
153;DOROTHY;TAYLOR;615 N Sherman Ave;53704;Madison;WI;US;United States of America;2;us;AMERICA;700;Divine.Sheen@COWBIRD.EXAMPLE.COM;+1 608 123 4332;;145;2001;8307;-893.638;43.107.253
154;LISA;ANDERSON;512 E Grand Ave;53511;Beloit;WI;US;United States of America;2;us;AMERICA;700;Frederic.Grodin@CREEPER.EXAMPLE.COM;+1 608 123 4344;;145;2001;8307;-8.903.216;42.499.575
155;NANCY;THOMAS;600 N Broadway Fl 1;53202;Milwaukee;WI;US;United States of America;2;us;AMERICA;700;Frederico.Romero@CURLEW.EXAMPLE.COM;+1 414 123 4347;;145;2001;8307;-8.790.777;43.037.372
156;KAREN;JACKSON;5235 N Ironwood Ln;53217;Milwaukee;WI;US;United States of America;2;us;AMERICA;700;Goldie.Montand@DIPPER.EXAMPLE.COM;+1 414 123 4348;;145;2001;8307;-8.791.841;43.113.239
157;BETTY;WHITE;322 E Michigan St;53202;Milwaukee;WI;US;United States of America;2;us;AMERICA;700;Sidney.Capshaw@DUNLIN.EXAMPLE.COM;+1 414 123 4350;;145;2001;8307;-8.790.745;43.037.389
158;HELEN;HARRIS;1400 Bellinger St Fl 4;54703;Eau Claire;WI;US;United States of America;2;us;AMERICA;700;Frederico.Lyon@FLICKER.EXAMPLE.COM;+1 745 123 4367;;145;2001;8307;-9.151.112;44.813.529
159;SANDRA;MARTIN;411 E Wisconsin Ave # 2550;53202;Milwaukee;WI;US;United States of America;2;us;AMERICA;700;Eddie.Boyer@GALLINULE.EXAMPLE.COM;+1 414 123 4369;;145;2001;8307;-8.790.645;43.038.621
160;DONNA;THOMPSON;808 3Rd St # 100;54403;Wausau;WI;US;United States of America;2;us;AMERICA;700;Eddie.Stern@GODWIT.EXAMPLE.COM;+1 715 123 4372;;145;2001;8307;-8.962.748;44.963.124
161;CAROL;GARCIA;300 Crooks St;54301;Green Bay;WI;US;United States of America;2;us;AMERICA;900;Ernest.Weaver@GROSBEAK.EXAMPLE.COM;+1 414 123 4373;;145;2001;8307;-8.801.714;44.510.237
162;RUTH;MARTINEZ;122 E Dayton St;53703;Madison;WI;US;United States of America;2;us;AMERICA;900;Ernest.George@LAPWING.EXAMPLE.COM;+1 608 123 4374;;145;2001;8307;-8.938.472;43.077.067
164;SHARON;ROBINSON;2122 Campbell Rd;54601;La Crosse;WI;US;United States of America;2;us;AMERICA;1200;Charlotte.Kazan@MERGANSER.EXAMPLE.COM;+1 608 123 4378;;145;2001;8307;-9.122.433;43.815.379
165;MICHELLE;CLARK;3324 N Oakland Ave;53211;Milwaukee;WI;US;United States of America;2;us;AMERICA;1200;Charlotte.Fonda@MOORHEN.EXAMPLE.COM;+1 414 123 4381;;145;2001;8307;-8.788.781;43.078.038
166;LAURA;RODRIGUEZ;666 22Nd Ave Ne;55418;Minneapolis;MN;US;United States of America;2;us;AMERICA;1200;Dheeraj.Alexander@NUTHATCH.EXAMPLE.COM;+1 612 123 4397;;145;2001;8307;-9.325.421;45.009.864
167;SARAH;LEWIS;1501 Lowry Ave N;55411;Minneapolis;MN;US;United States of America;2;us;AMERICA;1200;Gerard.Hershey@PARULA.EXAMPLE.COM;+1 612 123 4399;;145;2001;8307;-9.329.798;4.501.319
169;KIMBERLY;LEE;4200 Yosemite Ave S;55416;Minneapolis;MN;US;United States of America;2;us;AMERICA;1200;Dheeraj.Davis@PIPIT.EXAMPLE.COM;+1 612 123 4417;;145;2001;8307;-9.335.285;44.924.115
170;DEBORAH;WALKER;2800 Chicago Ave # 100;55407;Minneapolis;MN;US;United States of America;2;us;AMERICA;1200;HarryDean.Fonda@PLOVER.EXAMPLE.COM;+1 612 123 4419;;145;2001;8307;-9.326.233;44.951.875
171;JESSICA;HALL;200 1St St Sw;55905;Rochester;MN;US;United States of America;2;us;AMERICA;1200;Hema.Powell@SANDERLING.EXAMPLE.COM;+1 507 123 4421;;145;2001;8307;-9.246.698;44.021.392
172;SHIRLEY;ALLEN;314 W Superior St # 1015;55802;Duluth;MN;US;United States of America;2;us;AMERICA;1200;HarryMean.Peckinpah@VERDIN.EXAMPLE.COM;+1 218 123 4429;;145;2001;8307;0;
174;CYNTHIA;YOUNG;2720 Brewerton Rd;13211;Syracuse;NY;US;United States of America;2;us;AMERICA;1200;Blake.Seignier@GALLINULE.EXAMPLE.COM;+1 315 123 4442;;149;2001;8307;-7.614.607;43.106.533
175;ANGELA;HERNANDEZ;2134 W Genesee St;13219;Syracuse;NY;US;United States of America;2;us;AMERICA;1200;Claude.Powell@GODWIT.EXAMPLE.COM;+1 315 123 4447;;149;2001;8307;-7.619.845;43.047.707
176;MELISSA;KING;1522 Main St;14305;Niagara Falls;NY;US;United States of America;2;us;AMERICA;1200;Faye.Glenn@GREBE.EXAMPLE.COM;+1 716 123 4457;;149;2001;8307;-7.905.241;43.102.789
177;BRENDA;WRIGHT;49 N Pine Ave;12203;Albany;NY;US;United States of America;2;us;AMERICA;1200;Gerhard.Seignier@JACANA.EXAMPLE.COM;+1 518 123 4459;;149;2001;8307;-737.927;42.668.507
179;AMY;LOPEZ;137 Lark St;12210;Albany;NY;US;United States of America;2;us;AMERICA;1200;Harrydean.Forrest@KISKADEE.EXAMPLE.COM;+1 518 123 4474;;149;2001;8307;-7.376.188;42.658.418
180;ANNA;HILL;33 Fulton St;12601;Poughkeepsie;NY;US;United States of America;2;us;AMERICA;1200;Harrydean.Cage@LAPWING.EXAMPLE.COM;+1 914 123 4494;;149;2001;8307;-73.928.561;41.723.468
181;REBECCA;SCOTT;2360 Maxon Rd;12308;Schenectady;NY;US;United States of America;2;us;AMERICA;1200;Lauren.Hershey@LIMPKIN.EXAMPLE.COM;+1 518 123 4496;;149;2001;8307;-7.391.984;42.833.987
183;VIRGINIA;GREEN;1 Palisade Ave Fl 2;10701;Yonkers;NY;US;United States of America;2;us;AMERICA;1200;Lauren.Altman@MERGANSER.EXAMPLE.COM;+1 914 123 4578;;149;2001;8307;-7.389.811;40.933.646
184;KATHLEEN;ADAMS;500 S Salina St # 500;13202;Syracuse;NY;US;United States of America;2;us;AMERICA;1200;MaryBeth.Roberts@NUTHATCH.EXAMPLE.COM;+1 315 123 4597;;149;2001;8307;-7.615.252;43.044.258
185;PAMELA;BAKER;33 Pine St;14094;Lockport;NY;US;United States of America;2;us;AMERICA;1200;Matthew.Wright@OVENBIRD.EXAMPLE.COM;+1 716 123 4599;;149;2001;8307;-7.869.231;43.169.422
186;MARTHA;GONZALEZ;Po Box 2152;14240;Buffalo;NY;US;United States of America;2;us;AMERICA;1200;Meena.Alexander@PARULA.EXAMPLE.COM;+1 716 123 4605;;149;2001;8307;-7.882.672;42.884.822
188;DEBRA;NELSON;1790 Grand Blvd;12309;Schenectady;NY;US;United States of America;2;us;AMERICA;1200;Charlotte.Buckley@PINTAIL.EXAMPLE.COM;+1 518 123 4618;;149;2001;8307;-7.390.567;42.814.971
277;AMANDA;CARTER;2904 S Salina St;13205;Syracuse;NY;US;United States of America;2;us;AMERICA;5000;Don.Siegel@BITTERN.EXAMPLE.COM;+1 315 123 4585;;149;2001;8307;-7.614.293;4.301.943
278;STEPHANIE;MITCHELL;3025 Sussex Ave;15226;Pittsburgh;PA;US;United States of America;2;us;AMERICA;5000;Gvtz.Bradford@BULBUL.EXAMPLE.COM;+1 412 123 4659;;149;2001;8307;-80.016.204;40.384.079
279;CAROLYN;PEREZ;932 High St;17603;Lancaster;PA;US;United States of America;2;us;AMERICA;5000;Holly.Kurosawa@CARACARA.EXAMPLE.COM;+1 717 123 4679;;149;2001;8307;-7.631.964;40.028.889
280;CHRISTINE;ROBERTS;5344 Haverford Ave;19139;Philadelphia;PA;US;United States of America;2;us;AMERICA;5000;Rob.MacLaine@COOT.EXAMPLE.COM;+1 215 123 4709;;149;2001;8307;0;
281;MARIE;TURNER;6959 Tulip St;19135;Philadelphia;PA;US;United States of America;2;us;AMERICA;5000;Don.Barkin@CORMORANT.EXAMPLE.COM;+1 215 123 4751;;149;2001;8307;-7.504.023;40.024.509
282;JANET;PHILLIPS;511 S Central Ave # A;21202;Baltimore;MD;US;United States of America;2;us;AMERICA;5000;Kurt.Danson@COWBIRD.EXAMPLE.COM;+1 410 123 4807;;145;2001;8307;-7.659.934;3.928.475
283;CATHERINE;CAMPBELL;400 E Joppa Rd;21286;Baltimore;MD;US;United States of America;2;us;AMERICA;5000;Kurt.Heard@CURLEW.EXAMPLE.COM;+1 410 123 4829;;145;2001;8307;-76.595.984;39.401.932
308;FRANCES;PARKER;1795 Wu Meng;21191;Muang Chonburi;;CN;China;3;zhs;CHINA;1200;Glenda.Dunaway@DOWITCHER.EXAMPLE.COM;+86 811 012 4093;;148;;;;
309;ANN;EVANS;1796 Tsing Tao;11111;Muang Nonthaburi;;CN;China;3;zhs;CHINA;1200;Glenda.Bates@DIPPER.EXAMPLE.COM;+86 123 012 4095;;148;;;;
323;JOYCE;EDWARDS;1810 Tucker Crt;361181;Mumbai;;IN;India;3;hi;INDIA;5000;Goetz.Falk@VEERY.EXAMPLE.COM;+91 80 012 4123;+91 80 083 4833;148;;;;
326;DIANE;COLLINS;Walpurgisstr 69;81243;Munich;;DE;Germany;1;d;GERMANY;2400;Hal.Olin@FLICKER.EXAMPLE.COM;+49 89 012 4129;+49 89 083 4839;147;;;;
327;ALICE;STEWART;Sendlinger Tor 4;81696;Munich;;DE;Germany;1;d;GERMANY;2400;Hannah.Kanth@GADWALL.EXAMPLE.COM;+49 90 012 4131;+49 90 083 4131;147;;;;
328;JULIE;SANCHEZ;Theresienstr 15;81999;Munich;;DE;Germany;1;d;GERMANY;2400;Hannah.Field@GALLINULE.EXAMPLE.COM;+49 91 012 4133;+49 91 083 4133;147;;;;
333;HEATHER;MORRIS;Via Frenzy 6903;361196;Roma;;IT;Italy;1;i;ITALY;1200;Margret.Powell@ANI.EXAMPLE.COM;+39 6 012 4543;;147;;;;
334;TERESA;ROGERS;1822 Ironweed St;91261;Toronto;ONT;CA;Canada;2;us;AMERICA;1200;HarryMean.Taylor@REDPOLL.EXAMPLE.COM;+1 416 012 4147;;147;;;;
335;DORIS;REED;Via Luminosa 162;361197;Firenze;;IT;Italy;1;i;ITALY;500;Margrit.Garner@STILT.EXAMPLE.COM;+39 55 012 4547;;147;;;;
337;GLORIA;COOK;Via Notoriosa 1932 Rd;361198;Firenze;;IT;Italy;1;i;ITALY;500;Maria.Warden@TANAGER.EXAMPLE.COM;+39 55 012 4551;;147;;;;
361;EVELYN;MORGAN;Via Notoriosa 1942;361200;Firenze;;IT;Italy;1;i;ITALY;500;Marilou.Chapman@TEAL.EXAMPLE.COM;+39 55 012 4559;;147;;;;
363;JEAN;BELL;Via Delle Grazie 11;361225;Tellaro;;IT;Italy;1;i;ITALY;2400;Kathy.Lambert@COOT.EXAMPLE.COM;+39 10 012 4363;;147;;;;
360;CHERYL;MURPHY;1831 No Wong;111181;Peking;;CN;China;3;zhs;CHINA;3600;Helmut.Capshaw@TROGON.EXAMPLE.COM;+86 10 012 4165;;148;;;;
341;MILDRED;BAILEY;Via Dolorosa 69;361229;Tellaro;;IT;Italy;1;i;ITALY;700;Keir.George@VIREO.EXAMPLE.COM;+39 10 012 4365;;147;;;;
342;KATHERINE;RIVERA;Via Notoriosa 1943;361201;Firenze;;IT;Italy;1;i;ITALY;2400;Marlon.Laughton@CORMORANT.EXAMPLE.COM;+39 55 012 4565;;147;;;;
343;JOAN;COOPER;Via Luminosa 162;361231;Tellaro;;IT;Italy;1;i;ITALY;700;Keir.Chandar@WATERTHRUSH.EXAMPLE.COM;+39 10 012 4367;;147;;;;
345;ASHLEY;RICHARDSON;Via Di Firenze 231;361228;Tellaro;;IT;Italy;1;i;ITALY;700;Keir.Weaver@WHIMBREL.EXAMPLE.COM;+39 10 012 4369;;147;;;;
346;JUDITH;COX;Via Notoriosa 1949;361202;Firenze;;IT;Italy;1;i;ITALY;2400;Marlon.Clapton@COWBIRD.EXAMPLE.COM;+39 55 012 4569;;147;;;;
347;ROSE;HOWARD;Via Frenzy 6903;361230;Tellaro;;IT;Italy;1;i;ITALY;3600;Kelly.Quinlan@PYRRHULOXIA.EXAMPLE.COM;+39 10 012 4371;+39 10 083 4371;147;;;;
349;JANICE;WARD;Piazza Quattre Stagioni 4;361220;San Giminiano;;IT;Italy;1;i;ITALY;3600;Ken.Glenn@SAW-WHET.EXAMPLE.COM;+39 49 012 4375;+39 49 083 4375;147;;;;
350;KELLY;TORRES;Piazza Cacchiatore 23;361218;San Giminiano;;IT;Italy;1;i;ITALY;3600;Ken.Chopra@SCAUP.EXAMPLE.COM;+39 49 012 4377;+39 49 083 4377;147;;;;
351;NICOLE;PETERSON;Via Notoriosa 1932;361232;Tellaro;;IT;Italy;1;i;ITALY;3600;Ken.Wenders@REDPOLL.EXAMPLE.COM;+39 10 012 4379;+39 10 083 4379;147;;;;
380;JUDY;GRAY;2034 Sabrina Rd;361182;Samutprakarn;;IN;India;3;hi;INDIA;3700;Meryl.Holden@DIPPER.EXAMPLE.COM;+91 80 012 4637;+91 80 083 4637;148;;;;
447;CHRISTINA;RAMIREZ;Piazza Svizzera;361211;Milano;;IT;Italy;1;i;ITALY;500;Richard.Coppola@SISKIN.EXAMPLE.COM;+39 2 012 4771;;147;;;;
448;KATHY;JAMES;Ruella Delle Spiriti;361212;Milano;;IT;Italy;1;i;ITALY;500;Richard.Winters@SNIPE.EXAMPLE.COM;+39 2 012 4773;;147;;;;
450;THERESA;WATSON;Via Delle Capeletti 52;361214;San Giminiano;;IT;Italy;1;i;ITALY;1500;Rick.Lyon@MERGANSER.EXAMPLE.COM;+39 49 012 4777;;147;;;;
451;BEVERLY;BROOKS;Via Delle Grazie 11;361215;San Giminiano;;IT;Italy;1;i;ITALY;700;Ridley.Hackman@ANHINGA.EXAMPLE.COM;+39 49 012 4779;;147;;;;
452;DENISE;KELLY;Via Delli Capelli 2;361216;San Giminiano;;IT;Italy;1;i;ITALY;700;Ridley.Coyote@ANI.EXAMPLE.COM;+39 49 012 4781;;147;;;;
454;TAMMY;SANDERS;1593 Silverado St;361112;Bangalore;Kar;IN;India;3;hi;INDIA;5000;Rob.Russell@VERDIN.EXAMPLE.COM;+91 80 012 4785;+91 80 083 4785;148;;;;
458;IRENE;PRICE;1597 Legend St;;Mysore;Kar;IN;India;3;hi;INDIA;3700;Robert.deNiro@DOWITCHER.EXAMPLE.COM;+91 80 012 4793;;148;;;;
466;JANE;BENNETT;1605 Bazigar Crt;;Pune;;IN;India;3;hi;INDIA;5000;Rodolfo.Hershey@VIREO.EXAMPLE.COM;+91 80 012 4809;+91 80 083 4809;148;;;;
467;LORI;WOOD;1606 Sangam Blvd;361196;New Delhi;;IN;India;3;hi;INDIA;5000;Rodolfo.Dench@SCOTER.EXAMPLE.COM;+91 11 012 4811;+91 11 083 4811;148;;;;
468;RACHEL;BARNES;1607 Sangam Blvd;361114;New Delhi;;IN;India;3;hi;INDIA;5000;Rodolfo.Altman@SHRIKE.EXAMPLE.COM;+91 11 012 4813;+91 11 083 4813;148;;;;
189;MARILYN;ROSS;7 Ingelside Ln;10605;White Plains;NY;US;United States of America;2;us;AMERICA;1200;Gena.Harris@PIPIT.EXAMPLE.COM;+1 914 123 4619;;149;2001;8307;-737.369;40.999.002
190;ANDREA;HENDERSON;18 Glenridge Rd;12302;Schenectady;NY;US;United States of America;2;us;AMERICA;1200;Gena.Curtis@PLOVER.EXAMPLE.COM;+1 518 123 4624;;149;2001;8307;-7.392.997;42.868.566
191;KATHRYN;COLEMAN;6432 Rising Sun Ave;19111;Philadelphia;PA;US;United States of America;2;us;AMERICA;1200;Maureen.Sanders@PUFFIN.EXAMPLE.COM;+1 215 123 4644;;149;2001;8307;-75.095;40.050.359
192;LOUISE;JENKINS;Rr 10;19606;Reading;PA;US;United States of America;2;us;AMERICA;1200;Sean.Stockwell@PYRRHULOXIA.EXAMPLE.COM;+1 610 123 4657;;149;2001;8307;-7.585.273;40.333.337
193;SARA;PERRY;2455 Rose Garden Rd;15220;Pittsburgh;PA;US;United States of America;2;us;AMERICA;1200;Harrydean.Kinski@REDPOLL.EXAMPLE.COM;+1 412 123 4662;;149;2001;8307;-80.045.732;40.407.729
194;ANNE;POWELL;1812 Timberline Rd;16601;Altoona;PA;US;United States of America;2;us;AMERICA;1200;Kathleen.Garcia@REDSTART.EXAMPLE.COM;+1 814 123 4663;;149;2001;8307;-7.844.857;40.487.139
195;JACQUELINE;LONG;141 Schiller St;19601;Reading;PA;US;United States of America;2;us;AMERICA;1200;Sean.Olin@SCAUP.EXAMPLE.COM;+1 610 123 4664;;149;2001;8307;-7.593.642;40.342.217
196;WANDA;PATTERSON;1126 Pawlings Rd;19403;Norristown;PA;US;United States of America;2;us;AMERICA;1200;Gerard.Dench@SCOTER.EXAMPLE.COM;+1 610 123 4667;;149;2001;8307;-75.432.962;40.126.981
197;BONNIE;HUGHES;55 Church Hill Rd;19606;Reading;PA;US;United States of America;2;us;AMERICA;1200;Gerard.Altman@SHRIKE.EXAMPLE.COM;+1 610 123 4669;;149;2001;8307;-7.585.054;40.359.876
198;JULIA;FLORES;354 N Prince St;17603;Lancaster;PA;US;United States of America;2;us;AMERICA;1200;Maureen.deFunes@SISKIN.EXAMPLE.COM;+1 717 123 4674;;149;2001;8307;-7.630.895;40.043.037
199;RUBY;WASHINGTON;115 Chestnut St;19106;Philadelphia;PA;US;United States of America;2;us;AMERICA;1400;Clint.Chapman@SNIPE.EXAMPLE.COM;+1 215 123 4676;;149;2001;8307;-7.514.343;3.994.801
200;LOIS;BUTLER;2899 Grand Ave;15225;Pittsburgh;PA;US;United States of America;2;us;AMERICA;1400;Clint.Gielgud@STILT.EXAMPLE.COM;+1 412 123 4681;;149;2001;8307;-80.117.174;40.508.616
201;TINA;SIMMONS;Po Box 39;15701;Indiana;PA;US;United States of America;2;us;AMERICA;1400;Eric.Prashant@TATTLER.EXAMPLE.COM;+1 412 123 4684;;149;2001;8307;-79.151.699;40.620.971
202;PHYLLIS;FOSTER;1604 Broadway Ave;15216;Pittsburgh;PA;US;United States of America;2;us;AMERICA;1400;Ingrid.Welles@TEAL.EXAMPLE.COM;+1 412 123 4688;;149;2001;8307;-80.024.861;40.410.256
203;NORMA;GONZALES;4734 Liberty Ave;15224;Pittsburgh;PA;US;United States of America;2;us;AMERICA;1400;Ingrid.Rampling@WIGEON.EXAMPLE.COM;+1 412 123 4691;;149;2001;8307;-7.994.906;40.461.561
204;PAULA;BRYANT;21 Thornwood Rd;17112;Harrisburg;PA;US;United States of America;2;us;AMERICA;1400;Cliff.Puri@CORMORANT.EXAMPLE.COM;+1 717 123 4692;;149;2001;8307;-7.680.393;40.314.701
205;DIANA;ALEXANDER;3725 W Lake Rd;16505;Erie;PA;US;United States of America;2;us;AMERICA;1400;Emily.Pollack@DIPPER.EXAMPLE.COM;+1 814 123 4696;;149;2001;8307;-8.016.936;42.097.165
206;ANNIE;RUSSELL;1808 4Th Ave;16602;Altoona;PA;US;United States of America;2;us;AMERICA;1400;Fritz.Hackman@DUNLIN.EXAMPLE.COM;+1 814 123 4697;;149;2001;8307;-78.399.501;40.505.884
207;LILLIAN;GRIFFIN;Station Sq;15219;Pittsburgh;PA;US;United States of America;2;us;AMERICA;1400;Cybill.Laughton@EIDER.EXAMPLE.COM;+1 412 123 4700;;149;2001;8307;-799.818;40.443.237
208;EMILY;DIAZ;4020 Garden Ave;16508;Erie;PA;US;United States of America;2;us;AMERICA;1400;Cyndi.Griem@GALLINULE.EXAMPLE.COM;+1 814 123 4706;;149;2001;8307;-8.011.026;42.083.634
209;ROBIN;HAYES;100 N Peach St;19139;Philadelphia;PA;US;United States of America;2;us;AMERICA;1400;Cyndi.Collins@GODWIT.EXAMPLE.COM;+1 215 123 4708;;149;2001;8307;-7.522.731;39.961.649
210;PEGGY;MYERS;835 Heister Ln;19605;Reading;PA;US;United States of America;2;us;AMERICA;1400;Cybill.Clapton@GOLDENEYE.EXAMPLE.COM;+1 610 123 4714;;149;2001;8307;-7.592.064;40.364.485
211;CRYSTAL;FORD;378 S Negley Ave;15232;Pittsburgh;PA;US;United States of America;2;us;AMERICA;1500;Luchino.Jordan@GREBE.EXAMPLE.COM;+1 412 123 4718;;149;2001;8307;-7.993.347;40.459.305
213;GLADYS;HAMILTON;1401 W Warren Rd;16701;Bradford;PA;US;United States of America;2;us;AMERICA;1500;Luchino.Bradford@PARULA.EXAMPLE.COM;+1 814 123 4722;;149;2001;8307;-78.651.424;41.905.571
214;RITA;GRAHAM;815 Freeport Rd;15215;Pittsburgh;PA;US;United States of America;2;us;AMERICA;1500;Robin.Danson@PHAINOPEPLA.EXAMPLE.COM;+1 412 123 4724;;149;2001;8307;-79.896.621;40.487.805
215;DAWN;SULLIVAN;327 N Washington Ave # 300;18503;Scranton;PA;US;United States of America;2;us;AMERICA;1900;Orson.Perkins@PINTAIL.EXAMPLE.COM;+1 717 123 4730;;149;2001;8307;-75.662.181;41.409.215
216;CONNIE;WALLACE;810 Race St;19107;Philadelphia;PA;US;United States of America;2;us;AMERICA;1900;Orson.Koirala@PIPIT.EXAMPLE.COM;+1 215 123 4738;;149;2001;8307;-7.515.289;3.995.474
218;FLORENCE;WOODS;3376 Perrysville Ave;15214;Pittsburgh;PA;US;United States of America;2;us;AMERICA;2300;Bryan.Dvrrie@REDPOLL.EXAMPLE.COM;+1 412 123 4740;;149;2001;8307;-80.014.072;40.481.972
219;TRACY;COLE;220 Penn Ave # 300;18503;Scranton;PA;US;United States of America;2;us;AMERICA;2300;Ajay.Sen@TROGON.EXAMPLE.COM;+1 717 123 4741;;149;2001;8307;-75.666.231;41.409.595
220;EDNA;WEST;135 S 18Th St # 1;19103;Philadelphia;PA;US;United States of America;2;us;AMERICA;2300;Carol.Jordan@TURNSTONE.EXAMPLE.COM;+1 215 123 4743;;149;2001;8307;-7.517.787;39.949.455
221;TIFFANY;JORDAN;522 Swede St;19401;Norristown;PA;US;United States of America;2;us;AMERICA;2300;Carol.Bradford@VERDIN.EXAMPLE.COM;+1 610 123 4744;;149;2001;8307;-75.343.572;4.011.615
223;CARMEN;OWENS;1801 Lititz Pike;17601;Lancaster;PA;US;United States of America;2;us;AMERICA;2300;Cary.Olin@WATERTHRUSH.EXAMPLE.COM;+1 717 123 4746;;149;2001;8307;-7.630.826;4.007.257
224;ROSA;REYNOLDS;101 E Olney Ave;19120;Philadelphia;PA;US;United States of America;2;us;AMERICA;2300;Clara.Krige@WHIMBREL.EXAMPLE.COM;+1 215 123 4748;;149;2001;8307;-7.512.021;40.034.937
225;CINDY;FISHER;612 Jefferson Ave;18510;Scranton;PA;US;United States of America;2;us;AMERICA;2300;Clara.Ganesan@WIGEON.EXAMPLE.COM;+1 717 123 4752;;149;2001;8307;-75.655.941;41.411.024
227;GRACE;ELLIS;36 W 34Th St;16508;Erie;PA;US;United States of America;2;us;AMERICA;2400;Kathy.Prashant@ANI.EXAMPLE.COM;+1 814 123 4766;;149;2001;8307;-8.007.008;42.105.437
228;WENDY;HARRISON;1007 Mount Royal Blvd;15223;Pittsburgh;PA;US;United States of America;2;us;AMERICA;2400;Graham.Neeson@AUKLET.EXAMPLE.COM;+1 412 123 4767;;149;2001;8307;-79.959.364;40.516.644
229;VICTORIA;GIBSON;601 Market St;19106;Philadelphia;PA;US;United States of America;2;us;AMERICA;2400;Ian.Chapman@AVOCET.EXAMPLE.COM;+1 215 123 4768;;149;2001;8307;-7.515.065;39.950.394
230;EDITH;MCDONALD;5565 Baynton St;19144;Philadelphia;PA;US;United States of America;2;us;AMERICA;2400;Danny.Wright@BITTERN.EXAMPLE.COM;+1 215 123 4771;;149;2001;8307;-7.516.979;40.036.941
232;KIM;CRUZ;5122 Sinclair Ln;21206;Baltimore;MD;US;United States of America;2;us;AMERICA;2400;Donald.Hunter@CHACHALACA.EXAMPLE.COM;+1 410 123 4795;;145;2001;8307;-76.545.732;39.322.775
233;SHERRY;MARSHALL;680 Bel Air Rd;21014;Bel Air;MD;US;United States of America;2;us;AMERICA;2400;Graham.Spielberg@CHUKAR.EXAMPLE.COM;+1 410 123 4800;;145;2001;8307;-76.357.073;39.523.878
234;SYLVIA;ORTIZ;4301 Ashland Ave;21205;Baltimore;MD;US;United States of America;2;us;AMERICA;2400;Dan.Roberts@NUTHATCH.EXAMPLE.COM;+1 410 123 4805;;145;2001;8307;-76.561.682;39.301.622
235;JOSEPHINE;GOMEZ;8004 Stansbury Rd;21222;Baltimore;MD;US;United States of America;2;us;AMERICA;2400;Edward.Oates@OVENBIRD.EXAMPLE.COM;+1 410 012 4715;+1 410 083 4715;145;2001;8307;-76.500.344;3.925.618
236;THELMA;MURRAY;10209 Yearling Dr;20850;Rockville;MD;US;United States of America;2;us;AMERICA;2400;Edward.Julius@PARULA.EXAMPLE.COM;+1 301 123 4809;;145;2001;8307;-77.212.047;39.098.763
237;SHANNON;FREEMAN;3000 Greenmount Ave;21218;Baltimore;MD;US;United States of America;2;us;AMERICA;2400;Farrah.Quinlan@PHAINOPEPLA.EXAMPLE.COM;+1 410 123 4812;;145;2001;8307;-76.609.501;39.324.878
238;SHEILA;WELLS;200 E Fort Ave;21230;Baltimore;MD;US;United States of America;2;us;AMERICA;2400;Farrah.Lange@PHALAROPE.EXAMPLE.COM;+1 410 123 4813;;145;2001;8307;-76.610.142;39.272.749
239;ETHEL;WEBB;1262 Vocke Rd;21502;Cumberland;MD;US;United States of America;2;us;AMERICA;2400;Hal.Stockwell@PHOEBE.EXAMPLE.COM;+1 301 123 4814;;145;2001;8307;0;
240;ELLEN;SIMPSON;3314 Eastern Ave;21224;Baltimore;MD;US;United States of America;2;us;AMERICA;2400;Malcolm.Kanth@PIPIT.EXAMPLE.COM;+1 410 123 4816;;145;2001;8307;-76.570.102;3.928.652
241;ELAINE;STEVENS;12817 Coastal Hwy;21842;Ocean City;MD;US;United States of America;2;us;AMERICA;2400;Malcolm.Broderick@PLOVER.EXAMPLE.COM;+1 410 123 4817;;145;2001;8307;-75.056.879;38.422.394
242;MARJORIE;TUCKER;11200 Scaggsville Rd;20723;Laurel;MD;US;United States of America;2;us;AMERICA;2400;Mary.Lemmon@PUFFIN.EXAMPLE.COM;+1 301 123 4818;;145;2001;8307;-76.904.846;39.138.404
243;CARRIE;PORTER;9435 Washington Blvd N # M;20723;Laurel;MD;US;United States of America;2;us;AMERICA;2400;Mary.Collins@PYRRHULOXIA.EXAMPLE.COM;+1 301 123 4819;;145;2001;8307;-76.830.336;39.117.905
244;CHARLOTTE;HUNTER;2300 Harford Rd;21218;Baltimore;MD;US;United States of America;2;us;AMERICA;2400;Matt.Gueney@REDPOLL.EXAMPLE.COM;+1 410 123 4822;;145;2001;8307;-765.969;39.315.728
245;MONICA;HICKS;2 2Nd St # A;21842;Ocean City;MD;US;United States of America;2;us;AMERICA;2400;Max.vonSydow@REDSTART.EXAMPLE.COM;+1 410 123 4840;;145;2001;8307;-75.084.509;38.333.211
246;ESTHER;CRAWFORD;6917 W Oklahoma Ave;53219;Milwaukee;WI;US;United States of America;2;us;AMERICA;2400;Max.Schell@SANDERLING.EXAMPLE.COM;+1 414 123 4363;;145;2001;8307;-8.799.935;42.988.358
247;PAULINE;HENRY;206 S Broadway # 707;55904;Rochester;MN;US;United States of America;2;us;AMERICA;2400;Cynda.Whitcraft@SANDPIPER.EXAMPLE.COM;+1 507 123 4387;;145;2001;8307;-9.246.291;44.021.356
248;EMMA;BOYD;160 Glenwood Ave;55405;Minneapolis;MN;US;United States of America;2;us;AMERICA;2400;Donald.Minnelli@SCAUP.EXAMPLE.COM;+1 612 123 4436;;145;2001;8307;-9.328.336;44.979.113
249;JUANITA;MASON;6915 Grand Ave;46323;Hammond;IN;US;United States of America;2;us;AMERICA;2400;Hannah.Broderick@SHRIKE.EXAMPLE.COM;+1 219 123 4145;;145;2001;8307;-8.744.218;41.587.639
250;ANITA;MORALES;2215 Oak Industrial Dr Ne;49505;Grand Rapids;MI;US;United States of America;2;us;AMERICA;2400;Dan.Williams@SISKIN.EXAMPLE.COM;+1 616 123 4190;;145;2001;8307;-8.561.161;42.975.227
251;RHONDA;KENNEDY;65 Cadillac Sq # 2701;48226;Detroit;MI;US;United States of America;2;us;AMERICA;2500;Raul.Wilder@STILT.EXAMPLE.COM;+1 313 123 4241;;145;2001;8307;-83.045.345;42.331.799
252;HAZEL;WARREN;3435 Tuscany Dr Se;49546;Grand Rapids;MI;US;United States of America;2;us;AMERICA;2500;ShahRukh.Field@WHIMBREL.EXAMPLE.COM;+1 616 123 4259;;145;2001;8307;-8.549.774;42.900.677
253;AMBER;DIXON;215 4Th Ave Se;52401;Cedar Rapids;IA;US;United States of America;2;us;AMERICA;2500;Sally.Bogart@WILLET.EXAMPLE.COM;+1 319 123 4269;;145;2001;8307;-9.166.561;41.976.278
254;EVA;RAMOS;1751 Madison Ave;51503;Council Bluffs;IA;US;United States of America;2;us;AMERICA;3500;Bruce.Bates@COWBIRD.EXAMPLE.COM;+1 712 123 4284;;145;2001;8307;-9.582.708;41.244.721
256;DEBBIE;REYES;500 W Oklahoma Ave;53207;Milwaukee;WI;US;United States of America;2;us;AMERICA;3500;Ben.deNiro@KINGLET.EXAMPLE.COM;+1 414 123 4312;;145;2001;8307;-8.791.708;42.987.664
257;APRIL;BURNS;4811 S 76Th St # 205;53220;Milwaukee;WI;US;United States of America;2;us;AMERICA;3600;Emmet.Walken@LIMPKIN.EXAMPLE.COM;+1 414 123 4364;;145;2001;8307;-88.008.361;42.957.388
258;LESLIE;GORDON;310 Broadway St;56308;Alexandria;MN;US;United States of America;2;us;AMERICA;3600;Ellen.Palin@LONGSPUR.EXAMPLE.COM;+1 320 123 4385;;145;2001;8307;-95.377.469;45.890.088
259;CLARA;SHAW;1721 E Lake St;55407;Minneapolis;MN;US;United States of America;2;us;AMERICA;3600;Denholm.vonSydow@MERGANSER.EXAMPLE.COM;+1 612 123 4407;;145;2001;8307;-9.324.927;4.494.833
261;LUCILLE;HOLMES;800 Carter St;14621;Rochester;NY;US;United States of America;2;us;AMERICA;3600;Emmet.Garcia@VIREO.EXAMPLE.COM;+1 716 123 4582;;149;2001;8307;-7.759.255;4.319.264
262;JAMIE;RICE;6640 Campbell Blvd;14094;Lockport;NY;US;United States of America;2;us;AMERICA;3600;Fred.Reynolds@WATERTHRUSH.EXAMPLE.COM;+1 716 123 4627;;149;2001;8307;-7.877.288;43.103.915
263;JOANNE;ROBERTSON;802 North Ave;15209;Pittsburgh;PA;US;United States of America;2;us;AMERICA;3600;Fred.Lithgow@WHIMBREL.EXAMPLE.COM;+1 412 123 4677;;149;2001;8307;-79.973.484;40.488.173
265;ELEANOR;HUNT;6Th And Master St;19122;Philadelphia;PA;US;United States of America;2;us;AMERICA;3600;Irene.Laughton@ANHINGA.EXAMPLE.COM;+1 215 123 4749;;149;2001;8307;-75.146;39.972.648
266;VALERIE;BLACK;Rt 6 E;16365;Warren;PA;US;United States of America;2;us;AMERICA;3700;Prem.Cardinale@BITTERN.EXAMPLE.COM;+1 814 123 4755;;149;2001;8307;-79.093.419;41.836.445
267;DANIELLE;DANIELS;1924 Bedford St;21502;Cumberland;MD;US;United States of America;2;us;AMERICA;3700;Prem.Walken@BRANT.EXAMPLE.COM;+1 301 123 4831;;145;2001;8307;-7.874.141;3.967.579
268;MEGAN;PALMER;2674 Collingwood St;48206;Detroit;MI;US;United States of America;2;us;AMERICA;3700;Kyle.Schneider@DUNLIN.EXAMPLE.COM;+1 313 123 4167;;145;2001;8307;-83.114.655;42.379.998
270;ALICIA;MILLS;23985 Bedford Rd N;49017;Battle Creek;MI;US;United States of America;2;us;AMERICA;3700;Meg.Derek@FLICKER.EXAMPLE.COM;+1 616 123 4166;;145;2001;8307;-8.523.775;42.419.583
271;SUZANNE;NICHOLS;752 W Huron St;48341;Pontiac;MI;US;United States of America;2;us;AMERICA;3700;Shelley.Peckinpah@GODWIT.EXAMPLE.COM;+1 810 123 4212;;145;2001;8307;-83.319.991;42.635.196
272;MICHELE;GRANT;660 Woodward Ave # 2290;48226;Detroit;MI;US;United States of America;2;us;AMERICA;3700;Prem.Garcia@JACANA.EXAMPLE.COM;+1 313 123 4240;;145;2001;8307;-83.045.995;42.330.983
274;GAIL;KNIGHT;701 Seneca St;14210;Buffalo;NY;US;United States of America;2;us;AMERICA;5000;Bob.McCarthy@ANI.EXAMPLE.COM;+1 716 123 4485;;149;2001;8307;-7.885.093;42.876.154
275;BERTHA;FERGUSON;8 Automation Ln;12205;Albany;NY;US;United States of America;2;us;AMERICA;5000;Dom.McQueen@AUKLET.EXAMPLE.COM;+1 518 123 4532;;149;2001;8307;-7.381.064;42.719.449
276;DARLENE;ROSE;811 N Brandywine Ave;12308;Schenectady;NY;US;United States of America;2;us;AMERICA;5000;Dom.Hoskins@AVOCET.EXAMPLE.COM;+1 518 123 4562;;149;2001;8307;-7.391.715;42.806.965
101;VERONICA;STONE;514 W Superior St;46901;Kokomo;IN;US;United States of America;2;us;AMERICA;100;Constantin.Welles@ANHINGA.EXAMPLE.COM;+1 317 123 4104;;145;2001;8307;-8.613.631;40.485.424
102;JILL;HAWKINS;2515 Bloyd Ave;46218;Indianapolis;IN;US;United States of America;2;us;AMERICA;100;Harrison.Pacino@ANI.EXAMPLE.COM;+1 317 123 4111;;145;2001;8307;-86.120.133;39.795.766
103;ERIN;DUNN;8768 N State Rd 37;47404;Bloomington;IN;US;United States of America;2;us;AMERICA;100;Manisha.Taylor@AUKLET.EXAMPLE.COM;+1 812 123 4115;;145;2001;8307;-865.173;39.302.695
104;GERALDINE;PERKINS;6445 Bay Harbor Ln;46254;Indianapolis;IN;US;United States of America;2;us;AMERICA;100;Harrison.Sutherland@GODWIT.EXAMPLE.COM;+1 317 123 4126;;145;2001;8307;-86.272.743;39.849.678
105;LAUREN;HUDSON;4019 W 3Rd St;47404;Bloomington;IN;US;United States of America;2;us;AMERICA;100;Matthias.MacGraw@GOLDENEYE.EXAMPLE.COM;+1 812 123 4129;;145;2001;8307;-8.658.332;39.164.783
106;CATHY;SPENCER;1608 Portage Ave;46616;South Bend;IN;US;United States of America;2;us;AMERICA;100;Matthias.Hannah@GREBE.EXAMPLE.COM;+1 219 123 4136;;145;2001;8307;-8.627.021;41.696.023
107;JOANN;GARDNER;23943 Us Highway 33;46517;Elkhart;IN;US;United States of America;2;us;AMERICA;100;Matthias.Cruise@GROSBEAK.EXAMPLE.COM;+1 219 123 4138;;145;2001;8307;-8.591.393;41.631.143
108;LORRAINE;STEPHENS;136 E Market St # 800;46204;Indianapolis;IN;US;United States of America;2;us;AMERICA;100;Meenakshi.Mason@JACANA.EXAMPLE.COM;+1 317 123 4141;;145;2001;8307;-86.155.533;39.768.174
109;LYNN;PAYNE;1905 College St;46628;South Bend;IN;US;United States of America;2;us;AMERICA;100;Christian.Cage@KINGLET.EXAMPLE.COM;+1 219 123 4142;;145;2001;8307;-8.627.639;41.701.348
110;SALLY;PIERCE;3512 Rockville Rd # 137C;46222;Indianapolis;IN;US;United States of America;2;us;AMERICA;200;Charlie.Sutherland@LIMPKIN.EXAMPLE.COM;+1 317 123 4146;;145;2001;8307;-86.219.783;39.762.173
111;REGINA;BERRY;1303 E University St;47401;Bloomington;IN;US;United States of America;2;us;AMERICA;200;Charlie.Pacino@LONGSPUR.EXAMPLE.COM;+1 812 123 4150;;145;2001;8307;-865.175;39.160.261
112;ERICA;MATTHEWS;115 N Weinbach Ave;47711;Evansville;IN;US;United States of America;2;us;AMERICA;200;Guillaume.Jackson@MOORHEN.EXAMPLE.COM;+1 812 123 4151;;145;2001;8307;-8.752.901;37.978.385
113;BEATRICE;ARNOLD;2067 Rollett Ln;47712;Evansville;IN;US;United States of America;2;us;AMERICA;200;Daniel.Costner@PARULA.EXAMPLE.COM;+1 812 123 4153;;145;2001;8307;-876.354;37.955.373
114;DOLORES;WAGNER;1105 E Allendale Dr;47401;Bloomington;IN;US;United States of America;2;us;AMERICA;200;Dianne.Derek@SAW-WHET.EXAMPLE.COM;+1 812 123 4157;;145;2001;8307;-8.652.167;39.131.013
115;BERNICE;WILLIS;18305 Van Dyke St;48234;Detroit;MI;US;United States of America;2;us;AMERICA;200;Geraldine.Schneider@SCAUP.EXAMPLE.COM;+1 313 123 4159;;145;2001;8307;-83.024.565;42.438.298
116;AUDREY;RAY;Lucas Dr Bldg 348;48242;Detroit;MI;US;United States of America;2;us;AMERICA;200;Geraldine.Martin@SCOTER.EXAMPLE.COM;+1 313 123 4160;;145;2001;8307;-83.366.535;42.206.862
117;YVONNE;WATKINS;1801 Monroe Ave Nw;49505;Grand Rapids;MI;US;United States of America;2;us;AMERICA;200;Guillaume.Edwards@SHRIKE.EXAMPLE.COM;+1 616 123 4162;;145;2001;8307;-8.567.059;42.995.694
118;ANNETTE;OLSON;4925 Kendrick St Se;49512;Grand Rapids;MI;US;United States of America;2;us;AMERICA;200;Maurice.Mahoney@SNIPE.EXAMPLE.COM;+1 616 123 4181;;145;2001;8307;-8.554.467;42.872.615
119;JUNE;CARROLL;3310 Dixie Ct;48601;Saginaw;MI;US;United States of America;2;us;AMERICA;200;Maurice.Hasan@STILT.EXAMPLE.COM;+1 517 123 4191;;145;2001;8307;-8.389.048;43.366.886
120;SAMANTHA;DUNCAN;113 Washington Sq N;48933;Lansing;MI;US;United States of America;2;us;AMERICA;200;Diane.Higgins@TANAGER.EXAMPLE.COM;+1 517 123 4199;;145;2001;8307;-8.455.249;42.733.738
121;MARION;SNYDER;2500 S Pennsylvania Ave;48910;Lansing;MI;US;United States of America;2;us;AMERICA;200;Dianne.Sen@TATTLER.EXAMPLE.COM;+1 517 123 4201;;145;2001;8307;-8.453.837;42.706.292
122;DANA;HART;3213 S Cedar St;48910;Lansing;MI;US;United States of America;2;us;AMERICA;200;Maurice.Daltrey@TEAL.EXAMPLE.COM;+1 517 123 4206;;145;2001;8307;-8.454.811;42.698.823
124;STACY;CUNNINGHAM;6654 W Lafayette St;48226;Detroit;MI;US;United States of America;2;us;AMERICA;200;Diane.Mason@TROGON.EXAMPLE.COM;+1 313 123 4222;;145;2001;8307;-83.049.285;42.330.868
125;ANA;BRADLEY;27 Benton Rd;48602;Saginaw;MI;US;United States of America;2;us;AMERICA;200;Dianne.Andrews@TURNSTONE.EXAMPLE.COM;+1 517 123 4225;;145;2001;8307;-8.399.558;43.412.702
126;RENEE;LANE;8201 Livernois Ave;48204;Detroit;MI;US;United States of America;2;us;AMERICA;300;Charles.Field@BECARD.EXAMPLE.COM;+1 313 123 4226;;145;2001;8307;-83.137.545;42.354.686
128;IDA;ANDREWS;3100 E Eisenhower Pky # 100;48108;Ann Arbor;MI;US;United States of America;2;us;AMERICA;300;Isabella.Reed@BRANT.EXAMPLE.COM;+1 313 123 4230;;145;2001;8307;-83.716.754;42.244.284
129;VIVIAN;RUIZ;952 Vassar Dr;49001;Kalamazoo;MI;US;United States of America;2;us;AMERICA;400;Louis.Jackson@CARACARA.EXAMPLE.COM;+1 616 123 4234;;145;2001;8307;-8.556.744;42.262.007
130;ROBERTA;HARPER;150 W Jefferson Ave # 2500;48226;Detroit;MI;US;United States of America;2;us;AMERICA;400;Louis.Edwards@CHACHALACA.EXAMPLE.COM;+1 313 123 4242;;145;2001;8307;-83.046.195;4.232.827
131;HOLLY;FOX;40 Pearl St Nw # 1020;49503;Grand Rapids;MI;US;United States of America;2;us;AMERICA;400;Doris.Dutt@CHUKAR.EXAMPLE.COM;+1 616 123 4245;;145;2001;8307;-8.566.949;42.966.096
133;BRITTANY;RILEY;301 E Genesee Ave;48607;Saginaw;MI;US;United States of America;2;us;AMERICA;400;Kristin.Malden@GODWIT.EXAMPLE.COM;+1 517 123 4253;;145;2001;8307;-8.393.747;43.432.862
134;MELANIE;ARMSTRONG;9936 Dexter Ave;48206;Detroit;MI;US;United States of America;2;us;AMERICA;400;Sissy.Puri@GREBE.EXAMPLE.COM;+1 313 123 4255;;145;2001;8307;-83.121.065;42.374.977
135;LORETTA;CARPENTER;1660 University Ter;48104;Ann Arbor;MI;US;United States of America;2;us;AMERICA;400;Doris.BelGeddes@GROSBEAK.EXAMPLE.COM;+1 313 123 4263;;145;2001;8307;-83.727.334;42.281.681
136;YOLANDA;WEAVER;15713 N East St;48906;Lansing;MI;US;United States of America;2;us;AMERICA;400;Sissy.Warden@JACANA.EXAMPLE.COM;+1 517 123 4265;;145;2001;8307;-8.454.281;427.886
138;JEANETTE;GREENE;10315 Hickman Rd;50322;Des Moines;IA;US;United States of America;2;us;AMERICA;500;Mani.Fonda@KINGLET.EXAMPLE.COM;+1 515 123 4273;;145;2001;8307;-9.375.829;41.614.875
139;LAURIE;LAWRENCE;2115 N Towne Ln Ne;52402;Cedar Rapids;IA;US;United States of America;2;us;AMERICA;500;Placido.Kubrick@SCOTER.EXAMPLE.COM;+1 319 123 4278;;145;2001;8307;-916.714;42.032.886
140;KATIE;ELLIOTT;1928 Sherwood Dr;51503;Council Bluffs;IA;US;United States of America;2;us;AMERICA;500;Claudia.Kurosawa@CHUKAR.EXAMPLE.COM;+1 712 123 4280;;145;2001;8307;-9.581.115;41.276.064
141;KRISTEN;CHAVEZ;2102 E Kimberly Rd;52807;Davenport;IA;US;United States of America;2;us;AMERICA;500;Maximilian.Henner@DUNLIN.EXAMPLE.COM;+1 319 123 4282;;145;2001;8307;-9.054.472;415.566
143;VANESSA;SIMS;5112 Sw 9Th St;50315;Des Moines;IA;US;United States of America;2;us;AMERICA;500;Sachin.Neeson@GALLINULE.EXAMPLE.COM;+1 515 123 4290;;145;2001;8307;-9.362.554;41.537.188
767;ALMA;AUSTIN;Piazza Svizzera;361221;San Giminiano;;IT;Italy;1;i;ITALY;100;KlausMaria.Russell@COOT.EXAMPLE.COM;+39 49 012 4411;;147;;;;
771;SUE;PETERS;Via Delle Capeletti 52;361224;San Giminiano;;IT;Italy;1;i;ITALY;400;Kris.deNiro@DUNLIN.EXAMPLE.COM;+39 49 012 4419;;147;;;;
826;ELSIE;KELLEY;Sonnenberg 4;3413;Baden-Daettwil;AG;CH;Switzerland;1;d;SWITZERLAND;500;Alain.Barkin@VERDIN.EXAMPLE.COM;+41 57 012 3529;;147;;;;
830;BETH;FRANKLIN;Kreuzritterplatz 5;3413;Baden-Daettwil;AG;CH;Switzerland;1;d;SWITZERLAND;3500;Albert.Dutt@CURLEW.EXAMPLE.COM;+41 61 012 3537;+41 61 083 3537;147;;;;
850;JEANNE;LAWSON;Pfannenstilstr 13;8132;Egg;ZH;CH;Switzerland;1;d;SWITZERLAND;2300;Amanda.Finney@STILT.EXAMPLE.COM;+41 1 012 3577;+41 1 083 3577;147;;;;
905;VICKI;FIELDS;1592 Silverado St;361123;Bangalore;Kar;IN;India;3;hi;INDIA;1400;Billy.Hershey@BULBUL.EXAMPLE.COM;+91 80 012 3687;;148;;;;
911;CARLA;GUTIERREZ;1598 Legend St;361149;Bangalore;Kar;IN;India;3;hi;INDIA;5000;Bo.Dickinson@TANAGER.EXAMPLE.COM;+91 80 012 3699;+91 80 083 3699;148;;;;
919;TARA;RYAN;1606 Volunteers Blvd;361196;Bangalore;Kar;IN;India;3;hi;INDIA;3500;Brooke.Michalkow@GROSBEAK.EXAMPLE.COM;+91 80 012 3715;;148;;;;
924;ROSEMARY;SCHMIDT;1611 Carmen Blvd;361118;Bangalore;Kar;IN;India;3;hi;INDIA;5000;Bruno.Montand@TOWHEE.EXAMPLE.COM;+91 80 012 3725;+91 80 083 3725;148;;;;
930;EILEEN;CARR;1617 Crackers St;361168;Bangalore - India;Kar;IN;India;3;hi;INDIA;900;Buster.Jackson@KILLDEER.EXAMPLE.COM;+91 80 012 3737;;148;;;;
980;TERRI;VASQUEZ;1667 2010 St;61311;Batavia;IL;IN;India;3;hi;INDIA;200;Daniel.Loren@REDSTART.EXAMPLE.COM;+91 80 012 3837;;148;;;;
473;GERTRUDE;CASTILLO;1612 Talaivar St;;Chennai;Tam;IN;India;3;hi;INDIA;5000;Rolf.Ashby@WATERTHRUSH.EXAMPLE.COM;+91 80 012 4823;+91 80 083 4823;148;;;;
474;LUCY;WHEELER;1613 Victoria St;;Calcutta;;IN;India;3;hi;INDIA;5000;Romy.Sharif@SNIPE.EXAMPLE.COM;+91 33 012 4825;+91 33 083 4825;148;;;;
475;TONYA;CHAPMAN;1614 Gitanjali Rd;361168;Calcutta;;IN;India;3;hi;INDIA;5000;Romy.McCarthy@STILT.EXAMPLE.COM;+91 33 012 4827;+91 33 083 4827;148;;;;
476;ELLA;OLIVER;1615 Crackers Crt;361168;Chennai - India;;IN;India;3;hi;INDIA;300;Rosanne.Hopkins@ANI.EXAMPLE.COM;+91 80 012 4829;;148;;;;
477;STACEY;MONTGOMERY;1616 Mr. India Ln;361168;Bombay - India;Kar;IN;India;3;hi;INDIA;300;Rosanne.Douglas@ANHINGA.EXAMPLE.COM;+91 22 012 4831;;148;;;;
478;WILMA;RICHARDS;1617 Crackers St;361168;Bangalore - India;Kar;IN;India;3;hi;INDIA;300;Rosanne.Baldwin@AUKLET.EXAMPLE.COM;+91 80 012 4833;;148;;;;
479;GINA;WILLIAMSON;1618 Villains St;361168;New Delhi - India;;IN;India;3;hi;INDIA;1200;Roxanne.Shepherd@DUNLIN.EXAMPLE.COM;+91 11 012 4835;+91 11 083 4835;148;;;;
480;KRISTIN;JOHNSTON;1619 Bowlers Rd;361168;Chandigarh;Har;IN;India;3;hi;INDIA;1200;Roxanne.Michalkow@EIDER.EXAMPLE.COM;+91 172 012 4837;;148;;;;
481;JESSIE;BANKS;1620 Sixers Crt;361168;Bombay;Kar;IN;India;3;hi;INDIA;5000;Roy.Hulce@SISKIN.EXAMPLE.COM;+91 22 012 4839;+91 22 083 4839;148;;;;
482;NATALIE;MEYER;1622 Roja St;361168;Chennai;Tam;IN;India;3;hi;INDIA;5000;Roy.Dunaway@WHIMBREL.EXAMPLE.COM;+91 80 012 4841;+91 80 083 4841;148;;;;
483;AGNES;BISHOP;1623 Hey Ram St;361168;Chennai - India;;IN;India;3;hi;INDIA;5000;Roy.Bates@WIGEON.EXAMPLE.COM;+91 80 012 4843;+91 80 083 4843;148;;;;
487;VERA;MCCOY;1627 Sowdagar St;361168;New Delhi;;IN;India;3;hi;INDIA;1900;Rufus.Dvrrie@PLOVER.EXAMPLE.COM;+91 11 012 4851;+91 11 083 4851;148;;;;
488;WILLIE;HOWELL;1628 Pataudi St;361168;New Delhi;;IN;India;3;hi;INDIA;1900;Rufus.Belushi@PUFFIN.EXAMPLE.COM;+91 11 012 4853;+91 11 083 4853;148;;;;
492;CHARLENE;ALVAREZ;1632 Splash St;361168;Chandigarh;Har;IN;India;3;hi;INDIA;2500;Sally.Edwards@TURNSTONE.EXAMPLE.COM;+91 172 012 4861;;148;;;;
496;BESSIE;MORRISON;1636 Pretty Blvd;361168;Bangalore;Kar;IN;India;3;hi;INDIA;5000;Scott.Jordan@WILLET.EXAMPLE.COM;+91 80 012 4869;;148;;;;
605;DELORES;HANSEN;1646 Brazil Blvd;361168;Chennai;Tam;IN;India;3;hi;INDIA;500;Shammi.Pacino@BITTERN.EXAMPLE.COM;+91 80 012 4887;;148;;;;
606;MELINDA;FERNANDEZ;1647 Suspense St;361168;Cochin;Ker;IN;India;3;hi;INDIA;500;Sharmila.Kazan@BRANT.EXAMPLE.COM;+91 80 012 4889;;148;;;;
609;PEARL;GARZA;1650 Teesri Manjil Crt;361168;Kashmir;;IN;India;3;hi;INDIA;3700;Shelley.Taylor@CURLEW.EXAMPLE.COM;+91 141 012 4895;+91 141 083 4895;148;;;;
615;ARLENE;HARVEY;1656 Veterans Rd;361168;Chennai;Tam;IN;India;3;hi;INDIA;2500;Shyam.Plummer@VEERY.EXAMPLE.COM;+91 80 012 4907;;148;;;;
621;MAUREEN;LITTLE;1662 Talaivar St;361168;Chennai;Tam;IN;India;3;hi;INDIA;1500;Silk.Kurosawa@NUTHATCH.EXAMPLE.COM;+91 80 012 4919;;148;;;;
712;COLLEEN;BURTON;Piazza Del Congresso 22;361185;Roma;;IT;Italy;1;i;ITALY;3700;M.Emmet.Stockwell@COOT.EXAMPLE.COM;+39 6 012 4501;+39 6 083 4501;147;;;;
713;ALLISON;STANLEY;Piazza Quattre Stagioni 4;361186;Roma;;IT;Italy;1;i;ITALY;3700;M.Emmet.Olin@CORMORANT.EXAMPLE.COM;+39 6 012 4503;+39 6 083 4503;147;;;;
717;TAMARA;NGUYEN;Ruella Delle Spiriti;361188;Roma;;IT;Italy;1;i;ITALY;500;Mammutti.Sutherland@TOWHEE.EXAMPLE.COM;+39 6 012 4511;;147;;;;
719;JOY;GEORGE;Via Del Disegno 194;361189;Roma;;IT;Italy;1;i;ITALY;500;Mani.Kazan@TROGON.EXAMPLE.COM;+39 6 012 4515;;147;;;;
721;GEORGIA;JACOBS;Via Delle Capeletti 52;361190;Roma;;IT;Italy;1;i;ITALY;500;Mani.Buckley@TURNSTONE.EXAMPLE.COM;+39 6 012 4519;;147;;;;
729;CONSTANCE;REID;Via Di Firenze 231;361194;Roma;;IT;Italy;1;i;ITALY;2400;Margaux.Krige@DUNLIN.EXAMPLE.COM;+39 6 012 4535;+39 6 083 4535;147;;;;
731;LILLIE;KIM;Via Dolorosa 69;361195;Roma;;IT;Italy;1;i;ITALY;2400;Margaux.Capshaw@EIDER.EXAMPLE.COM;+39 6 012 4539;+39 6 083 4539;147;;;;
754;CLAUDIA;FULLER;Via Notoriosa 1942;361234;Ventimiglia;;IT;Italy;1;i;ITALY;700;Kevin.Goodman@WIGEON.EXAMPLE.COM;+39 10 012 4385;;147;;;;
756;JACKIE;LYNCH;Canale Grande 2;361183;Roma;;IT;Italy;1;i;ITALY;700;Kevin.Wilder@AUKLET.EXAMPLE.COM;+39 6 012 4389;;147;;;;
757;MARCIA;DEAN;Piazza Cacchiatore 23;361184;Roma;;IT;Italy;1;i;ITALY;700;Kiefer.Reynolds@AVOCET.EXAMPLE.COM;+39 6 012 4391;;147;;;;
766;TANYA;GILBERT;Via Del Disegno 194;361223;San Giminiano;;IT;Italy;1;i;ITALY;600;Klaus.Young@OVENBIRD.EXAMPLE.COM;+39 49 012 4409;;147;;;;
768;NELLIE;GARRETT;Via Dello Croce 93;361227;Tellaro;;IT;Italy;1;i;ITALY;100;KlausMaria.MacLaine@CHUKAR.EXAMPLE.COM;+39 10 012 4413;;147;;;;
769;MINNIE;ROMERO;Via Dello Croce 93;361217;San Giminiano;;IT;Italy;1;i;ITALY;400;Kris.Harris@DIPPER.EXAMPLE.COM;+39 49 012 4415;;147;;;;
770;MARLENE;WELCH;Ruella Delle Spiriti;361222;San Giminiano;;IT;Italy;1;i;ITALY;400;Kris.Curtis@DOWITCHER.EXAMPLE.COM;+39 49 012 4417;;147;;;;
772;HEIDI;LARSON;Via Delli Capelli 2;361226;Tellaro;;IT;Italy;1;i;ITALY;400;Kristin.Savage@CURLEW.EXAMPLE.COM;+39 10 012 4421;;147;;;;
782;GLENDA;FRAZIER;1971 Limelight Blvd;;Samutprakarn;;;;;th;THAILAND;1200;Laurence.Seignier@CREEPER.EXAMPLE.COM;+66 76 012 4441;;149;;;;
825;LYDIA;BURKE;Harmoniegasse 3;3413;Baden-Daettwil;AG;CH;Switzerland;1;d;SWITZERLAND;500;Alain.Dreyfuss@VEERY.EXAMPLE.COM;+41 56 012 3527;;147;;;;
827;VIOLA;HANSON;Alfred E. Neumann-Weg 3;3413;Baden-Daettwil;AG;CH;Switzerland;1;d;SWITZERLAND;500;Alain.Siegel@VIREO.EXAMPLE.COM;+41 58 012 3531;;147;;;;
828;COURTNEY;DAY;Dr. Herbert Bitto Str 23;3413;Baden-Daettwil;AG;CH;Switzerland;1;d;SWITZERLAND;2300;Alan.Minnelli@TANAGER.EXAMPLE.COM;+41 59 012 3533;+41 59 083 3533;147;;;;
829;MARIAN;MENDOZA;Taefernstr 4;3413;Baden-Daettwil;AG;CH;Switzerland;1;d;SWITZERLAND;2300;Alan.Hunter@TATTLER.EXAMPLE.COM;+41 60 012 3535;+41 60 083 3535;147;;;;
831;STELLA;MORENO;Helebardenweg 5;3413;Baden-Daettwil;AG;CH;Switzerland;1;d;SWITZERLAND;3500;Albert.BelGeddes@DIPPER.EXAMPLE.COM;+41 62 012 3539;+41 62 083 3539;147;;;;
832;CAROLINE;BOWMAN;Zum Freundlichen Nachbarn 5;3413;Baden-Daettwil;AG;CH;Switzerland;1;d;SWITZERLAND;3500;Albert.Spacek@DOWITCHER.EXAMPLE.COM;+41 63 012 3541;+41 63 083 3541;147;;;;
833;DORA;MEDINA;Ziegenwiese 3;3413;Baden-Daettwil;AG;CH;Switzerland;1;d;SWITZERLAND;3500;Alec.Moranis@DUNLIN.EXAMPLE.COM;+41 64 012 3543;+41 64 083 3543;147;;;;
834;JO;FOWLER;Am Waldrand 5;3413;Baden-Daettwil;AG;CH;Switzerland;1;d;SWITZERLAND;3500;Alec.Idle@EIDER.EXAMPLE.COM;+41 65 012 3545;+41 65 083 3545;147;;;;
835;VICKIE;BREWER;Zur Kantine 9;3413;Baden-Daettwil;AG;CH;Switzerland;1;d;SWITZERLAND;1200;Alexander.Eastwood@AVOCET.EXAMPLE.COM;+41 66 012 3547;;147;;;;
836;MATTIE;HOFFMAN;Grosse Bahnhostrasse 3;3413;Baden-Daettwil;AG;CH;Switzerland;1;d;SWITZERLAND;1200;Alexander.Berenger@BECARD.EXAMPLE.COM;+41 67 012 3549;;147;;;;
837;TERRY;CARLSON;Paradeplatz 4;8001;Zuerich;ZH;CH;Switzerland;1;d;SWITZERLAND;1200;Alexander.Stanton@AUKLET.EXAMPLE.COM;+41 2 012 3551;+41 2 083 3551;147;;;;
838;MAXINE;SILVA;Badenerstr 1941;8004;Zuerich;ZH;CH;Switzerland;1;d;SWITZERLAND;3500;Alfred.Nicholson@CREEPER.EXAMPLE.COM;+41 3 012 3553;+41 3 083 3553;147;;;;
839;IRMA;PEARSON;Welschdoerfchen 1941;7001;Chur;ZH;CH;Switzerland;1;d;SWITZERLAND;3500;Alfred.Johnson@FLICKER.EXAMPLE.COM;+41 81 012 3555;;147;;;;
840;MABEL;HOLLAND;Le Reduit;7064;Tschiertschen;GR;CH;Switzerland;1;d;SWITZERLAND;1400;Ali.Elliott@ANHINGA.EXAMPLE.COM;+41 81 012 3557;;147;;;;
841;MARSHA;DOUGLAS;Bendlehn;9062;Trogen;SG;CH;Switzerland;1;d;SWITZERLAND;1400;Ali.Boyer@WILLET.EXAMPLE.COM;+41 71 012 3559;;147;;;;
842;MYRTLE;FLEMING;Spisertor 3;7000;St. Gallen;SG;CH;Switzerland;1;d;SWITZERLAND;1400;Ali.Stern@YELLOWTHROAT.EXAMPLE.COM;+41 71 012 3561;;147;;;;
843;LENA;JENSEN;Langstr 14;8004;Zuerich;ZH;CH;Switzerland;1;d;SWITZERLAND;700;Alice.Oates@BECARD.EXAMPLE.COM;+41 4 012 3563;;147;;;;
844;CHRISTY;VARGAS;Roessligasse 4;8001;Zurich;ZH;CH;Switzerland;1;d;SWITZERLAND;700;Alice.Julius@BITTERN.EXAMPLE.COM;+41 6 012 3565;;147;;;;
845;DEANNA;BYRD;Zum Froehlichen Schweizer 3;8000;Zurich;ZH;CH;Switzerland;1;d;SWITZERLAND;5000;Ally.Fawcett@PLOVER.EXAMPLE.COM;+41 7 012 3567;+41 7 083 3567;147;;;;
846;PATSY;DAVIDSON;Chrottenweg;3000;Bern;BE;CH;Switzerland;1;d;SWITZERLAND;5000;Ally.Brando@PINTAIL.EXAMPLE.COM;+41 31 012 3569;+41 31 083 3569;147;;;;
847;HILDA;HOPKINS;Bruppacher Str 3;3413;Baden-Daettwil;AG;CH;Switzerland;1;d;SWITZERLAND;5000;Ally.Streep@PIPIT.EXAMPLE.COM;+41 68 012 3571;+41 68 083 3571;147;;;;
848;GWENDOLYN;MAY;Limmatquai;8001;Zuerich;ZH;CH;Switzerland;1;d;SWITZERLAND;1800;Alonso.Olmos@PHALAROPE.EXAMPLE.COM;+41 5 012 3573;+41 5 083 3573;147;;;;
849;JENNIE;TERRY;Dreikoenigsstr 3;8001;Zurich;ZH;CH;Switzerland;1;d;SWITZERLAND;1800;Alonso.Kaurusmdki@PHOEBE.EXAMPLE.COM;+41 8 012 3575;+41 8 083 3575;147;;;;
851;NORA;HERRERA;Kreuzstr 32;8032;Zurich;ZH;CH;Switzerland;1;d;SWITZERLAND;2300;Amanda.Brown@THRASHER.EXAMPLE.COM;+41 9 012 3579;+41 9 083 3579;147;;;;
852;MARGIE;WADE;1539 Stripes Rd;3413;Baden-Daettwil;AG;CH;Switzerland;1;d;SWITZERLAND;2300;Amanda.Tanner@TEAL.EXAMPLE.COM;+41 69 012 3581;+41 69 083 3581;147;;;;
853;NINA;SOTO;1540 Stripes Crt;3413;Baden-Daettwil;AG;CH;Switzerland;1;d;SWITZERLAND;400;Amrish.Palin@EIDER.EXAMPLE.COM;+41 70 012 3583;;147;;;;
906;CASSANDRA;WALTERS;1593 Silverado St;361112;Bangalore;Kar;IN;India;3;hi;INDIA;1400;Billy.Dench@CARACARA.EXAMPLE.COM;+91 80 012 3689;;148;;;;
909;LEAH;CURTIS;1596 Commando Blvd;361126;Bangalore;Kar;IN;India;3;hi;INDIA;1200;Blake.Mastroianni@FLICKER.EXAMPLE.COM;+91 80 012 3695;;148;;;;
912;PENNY;NEAL;1599 Legend Rd;361128;Bangalore;Kar;IN;India;3;hi;INDIA;5000;Bo.Ashby@TATTLER.EXAMPLE.COM;+91 80 012 3701;+91 80 083 3701;148;;;;
913;KAY;CALDWELL;1600 Target Crt;361191;Bangalore;Kar;IN;India;3;hi;INDIA;5000;Bob.Sharif@TEAL.EXAMPLE.COM;+91 80 012 3703;+91 80 083 3703;148;;;;
916;PRISCILLA;LOWE;1603 Rebel St;361129;Bangalore;Kar;IN;India;3;hi;INDIA;500;Brian.Douglas@AVOCET.EXAMPLE.COM;+91 80 012 3709;;148;;;;
917;NAOMI;JENNINGS;1604 Volunteers Rd;361121;Bangalore;Kar;IN;India;3;hi;INDIA;500;Brian.Baldwin@BECARD.EXAMPLE.COM;+91 80 012 3711;;148;;;;
920;CAROLE;BARNETT;1607 Abwdrts St;361114;Bangalore;Kar;IN;India;3;hi;INDIA;3500;Bruce.Hulce@JACANA.EXAMPLE.COM;+91 80 012 3717;;148;;;;
921;BRANDY;GRAVES;1608 Amadeus St;361198;Bangalore;Kar;IN;India;3;hi;INDIA;3500;Bruce.Dunaway@JUNCO.EXAMPLE.COM;+91 80 012 3719;+91 80 083 3719;148;;;;
923;OLGA;JIMENEZ;1610 Betrayal Crt;361119;Bangalore;Kar;IN;India;3;hi;INDIA;5000;Bruno.Slater@THRASHER.EXAMPLE.COM;+91 80 012 3723;+91 80 083 3723;148;;;;
927;BILLIE;HORTON;1614 Crackers Rd;361168;Bangalore - India;Kar;IN;India;3;hi;INDIA;2300;Bryan.Belushi@TOWHEE.EXAMPLE.COM;+91 80 012 3731;+91 80 083 3731;148;;;;
928;DIANNE;SHELTON;1615 Crackers Crt;361168;Bangalore - India;Kar;IN;India;3;hi;INDIA;5000;Burt.Spielberg@TROGON.EXAMPLE.COM;+91 80 012 3733;+91 80 083 3733;148;;;;
929;TRACEY;BARRETT;1616 Crackers Blvd;361168;Bangalore - India;Kar;IN;India;3;hi;INDIA;5000;Burt.Neeson@TURNSTONE.EXAMPLE.COM;+91 80 012 3735;+91 80 083 3735;148;;;;
931;LEONA;OBRIEN;1618 Footloose St;361168;Bangalore - India;Kar;IN;India;3;hi;INDIA;900;Buster.Edwards@KINGLET.EXAMPLE.COM;+91 80 012 3739;;148;;;;
932;JENNY;CASTRO;1619 Footloose Rd;361168;Bangalore - India;Kar;IN;India;3;hi;INDIA;900;Buster.Bogart@KISKADEE.EXAMPLE.COM;+91 80 012 3741;;148;;;;
934;FELICIA;SUTTON;1621 Gargon! Blvd;361168;Bangalore - India;Kar;IN;India;3;hi;INDIA;600;C.Thomas.Nolte@PHOEBE.EXAMPLE.COM;+91 80 012 3745;;148;;;;
981;SONIA;GREGORY;1668 Chong Tao;111181;Beijing;;CN;China;3;zhs;CHINA;200;Daniel.Gueney@REDPOLL.EXAMPLE.COM;+86 10 012 3839;;148;;;;
123;MIRIAM;MCKINNEY;8110 Jackson Rd;48103;Ann Arbor;MI;US;United States of America;2;us;AMERICA;200;Elizabeth.Brown@THRASHER.EXAMPLE.COM;+1 313 123 4219;;145;2001;8307;-83.890.694;42.292.947
127;VELMA;LUCAS;101 N Falahee Rd;49203;Jackson;MI;US;United States of America;2;us;AMERICA;300;Charles.Broderick@BITTERN.EXAMPLE.COM;+1 517 123 4228;;145;2001;8307;-8.434.679;42.238.519
132;BECKY;MILES;1135 Catherine St;48109;Ann Arbor;MI;US;United States of America;2;us;AMERICA;400;Doris.Spacek@FLICKER.EXAMPLE.COM;+1 313 123 4248;;145;2001;8307;-83.715.384;42.290.596
137;BOBBIE;CRAIG;555 John F Kennedy Rd;52002;Dubuque;IA;US;United States of America;2;us;AMERICA;500;Elia.Brando@JUNCO.EXAMPLE.COM;+1 319 123 4271;;145;2001;8307;-9.072.012;42.496.103
142;VIOLET;RODRIQUEZ;1691 Asbury Rd;52001;Dubuque;IA;US;United States of America;2;us;AMERICA;500;Sachin.Spielberg@GADWALL.EXAMPLE.COM;+1 319 123 4288;;145;2001;8307;-9.069.686;42.500.903
163;KRISTINA;CHAMBERS;633 S Hawley Rd;53214;Milwaukee;WI;US;United States of America;2;us;AMERICA;900;Ernest.Chandar@LIMPKIN.EXAMPLE.COM;+1 414 123 4376;;145;2001;8307;-8.798.592;43.025.362
168;TONI;HOLT;113 N 1St St;55401;Minneapolis;MN;US;United States of America;2;us;AMERICA;1200;Hema.Voight@PHALAROPE.EXAMPLE.COM;+1 612 123 4408;;145;2001;8307;-9.326.806;44.984.747
173;MISTY;LAMBERT;1409 Willow St # 600;55403;Minneapolis;MN;US;United States of America;2;us;AMERICA;1200;Kathleen.Walken@VIREO.EXAMPLE.COM;+1 612 123 4434;;145;2001;8307;-9.328.193;44.968.631
178;MAE;FLETCHER;726 Union St;12534;Hudson;NY;US;United States of America;2;us;AMERICA;1200;Grace.Belushi@KILLDEER.EXAMPLE.COM;+1 518 123 4464;;149;2001;8307;-73.784.949;42.246.766
182;SHELLY;WATTS;85 High St;14203;Buffalo;NY;US;United States of America;2;us;AMERICA;1200;Lauren.Dench@LONGSPUR.EXAMPLE.COM;+1 716 123 4575;;149;2001;8307;-7.886.586;42.900.169
187;DAISY;BATES;2979 Hamburg St;12303;Schenectady;NY;US;United States of America;2;us;AMERICA;1200;Grace.Dvrrie@PHOEBE.EXAMPLE.COM;+1 518 123 4617;;149;2001;8307;-7.393.703;4.276.779
212;RAMONA;HALE;5643 N 5Th St;19120;Philadelphia;PA;US;United States of America;2;us;AMERICA;1500;Luchino.Falk@OVENBIRD.EXAMPLE.COM;+1 215 123 4721;;149;2001;8307;-7.513.043;40.036.595
217;SHERRI;RHODES;4901 Locust Ln;17109;Harrisburg;PA;US;United States of America;2;us;AMERICA;2300;Bryan.Huston@PYRRHULOXIA.EXAMPLE.COM;+1 717 123 4739;;149;2001;8307;-7.680.639;40.293.213
222;ERIKA;PENA;7708 City Ave;19151;Philadelphia;PA;US;United States of America;2;us;AMERICA;2300;Cary.Stockwell@VIREO.EXAMPLE.COM;+1 215 123 4745;;149;2001;8307;-75.278.794;39.975.525
226;JAMES;GANNON;223 4Th Ave # 1100;15222;Pittsburgh;PA;US;United States of America;2;us;AMERICA;2300;Ajay.Andrews@YELLOWTHROAT.EXAMPLE.COM;+1 412 123 4763;;149;2001;8307;-800.027;40.439.706
231;JOHN;FARNSWORTH;5640 Fishers Ln;20852;Rockville;MD;US;United States of America;2;us;AMERICA;2400;Danny.Rourke@BRANT.EXAMPLE.COM;+1 301 123 4794;;145;2001;8307;-77.115.297;39.062.872
255;ROBERT;BAUGHMAN;810 1St Ave;51501;Council Bluffs;IA;US;United States of America;2;us;AMERICA;3500;Brooke.Shepherd@KILLDEER.EXAMPLE.COM;+1 712 123 4289;;145;2001;8307;-9.585.574;41.260.392
260;MICHAEL;SILVERMAN;255 Great Arrow Ave;14207;Buffalo;NY;US;United States of America;2;us;AMERICA;3600;Ellen.Khan@VERDIN.EXAMPLE.COM;+1 716 123 4456;;149;2001;8307;-788.782;42.939.107
264;WILLIAM;SATTERFIELD;1136 Arch St;19107;Philadelphia;PA;US;United States of America;2;us;AMERICA;3600;George.Adjani@WILLET.EXAMPLE.COM;+1 215 123 4702;;149;2001;8307;-7.515.858;39.953.503
269;DAVID;ROYAL;2713 N Bendix Dr;46628;South Bend;IN;US;United States of America;2;us;AMERICA;3700;Kyle.Martin@EIDER.EXAMPLE.COM;+1 219 123 4116;;145;2001;8307;-8.629.384;41.713.988
273;RICHARD;MCCRARY;1330 N Memorial Dr;53404;Racine;WI;US;United States of America;2;us;AMERICA;5000;Bo.Hitchcock@ANHINGA.EXAMPLE.COM;+1 414 123 4340;;145;2001;8307;-878.003;42.737.121
339;CHARLES;KOWALSKI;Via Notoriosa 1941;361199;Firenze;;IT;Italy;1;i;ITALY;500;Marilou.Landis@TATTLER.EXAMPLE.COM;+39 55 012 4555;;147;;;;
344;JOSEPH;JOY;2017 Convoy St;876508;Tokyo;;JP;Japan;3;ja;JAPAN;2400;Marlon.Godard@MOORHEN.EXAMPLE.COM;+81 565 012 4567;;148;;;;
348;THOMAS;GRIGSBY;Piazza Del Congresso 22;361219;San Giminiano;;IT;Italy;1;i;ITALY;3600;Kelly.Lange@SANDPIPER.EXAMPLE.COM;+39 49 012 4373;+39 49 083 4373;147;;;;
352;CHRISTOPHER;GRECO;Via Notoriosa 1949;361236;Ventimiglia;;IT;Italy;1;i;ITALY;3600;Kenneth.Redford@REDSTART.EXAMPLE.COM;+39 10 012 4381;+39 10 083 4381;147;;;;
378;DANIEL;CABRAL;2033 Spartacus St;;Samutprakarn;;;;;th;THAILAND;3700;Meg.Sen@COWBIRD.EXAMPLE.COM;+66 76 012 4633;+66 76 083 4633;149;;;;
449;PAUL;TROUT;Via Del Disegno 194;361213;Milano;;IT;Italy;1;i;ITALY;1500;Rick.Romero@LONGSPUR.EXAMPLE.COM;+39 2 012 4775;;147;;;;
453;MARK;RINEHART;1592 Silverado St;361123;Bangalore;Kar;IN;India;3;hi;INDIA;700;Ridley.Young@CHUKAR.EXAMPLE.COM;+91 80 012 4783;;148;;;;
463;DONALD;MAHON;1602 Sholay St;;Chennai;Tam;IN;India;3;hi;INDIA;1500;Robin.Adjani@MOORHEN.EXAMPLE.COM;+91 80 012 4803;;148;;;;
470;GEORGE;LINTON;1609 Pakija Rd;;New Delhi;;IN;India;3;hi;INDIA;3700;Roger.Mastroianni@CREEPER.EXAMPLE.COM;+91 11 012 4817;+91 11 083 4817;148;;;;
607;KENNETH;GOODEN;1648 Anamika St;361168;Cochin;Ker;IN;India;3;hi;INDIA;500;Sharmila.Fonda@BUFFLEHEAD.EXAMPLE.COM;+91 80 012 4891;;148;;;;
627;STEVEN;CURLEY;1667 2010 St;61311;Batavia;Ker;IN;India;3;hi;INDIA;500;Sivaji.Gielgud@BULBUL.EXAMPLE.COM;+91 80 012 4931;;148;;;;
715;EDWARD;BAUGH;Piazza Svizzera;361187;Roma;;IT;Italy;1;i;ITALY;2400;Malcolm.Field@DOWITCHER.EXAMPLE.COM;+39 6 012 4507;+39 6 083 4507;147;;;;
727;BRIAN;WYMAN;Via Dello Croce 93;361193;Roma;;IT;Italy;1;i;ITALY;1200;Margaret.Ustinov@ANHINGA.EXAMPLE.COM;+39 6 012 4531;;147;;;;
755;RONALD;WEINER;Via Notoriosa 1943;361235;Ventimiglia;;IT;Italy;1;i;ITALY;700;Kevin.Cleveland@WILLET.EXAMPLE.COM;+39 10 012 4387;;147;;;;
788;ANTHONY;SCHWAB;198 Fairlawn Ln.;55401;Minneapolis;MN;US;United States of America;2;us;AMERICA;11000;samuel.green@someexample.host.com;+1 443 512 1121;;145;2001;8307;-9.326.806;44.984.747
